6.000000058958285,3.851859888774472e-34
6.000000058958285,3.851859888774472e-34
6.000000058958285,3.851859888774472e-34
6.000000058958285,3.851859888774472e-34
6.000000058958285,3.851859888774472e-34
6.000000058958285,3.851859888774472e-34
6.000000058958285,3.851859888774472e-34
6.000000058958285,3.851859888774472e-34
6.000000058958285,3.851859888774472e-34
6.000000058958285,3.851859888774472e-34
6.000000058958285,3.851859888774472e-34
6.000000058958285,3.851859888774472e-34
6.000000058958285,3.851859888774472e-34
6.00000005894812,-0.4188999885709841
6.000000058894491,-0.4189000061611608
6.000000058891248,-0.4189000063220894
6.000000058789483,-0.4189000082656108
6.000000058785775,-0.4189000082919496
6.000000058713537,-0.41890000860702165
6.000000058606544,-0.41890000878073236
6.000000058601455,-0.418900008784286
6.000000058503134,-0.4189000088088768
6.00000005837682,-0.41890000874323546
6.0000000583640825,-0.4189000087481991
6.000000058161189,-0.4189000087386993
6.000000058153083,-0.4189000087366719
6.000000057923293,-0.4189000085893276
6.000000057902319,-0.4189000085683195
6.000000057693426,-0.41890000827741963
6.000000057513128,-0.4189000036009377
6.000000057498175,-0.4189000015036037
6.000000057039175,-0.4045864023946216
6.000000058918207,-0.4012355605149031
6.000000056568897,-0.3423960188975341
6.0000000584999285,-0.2745344693970603
6.000000055795616,-0.2715646429868238
6.000000054576366,-0.1900035454464856
6.000000054514196,-0.18735184374461694
6.000000057372732,-0.12617758561128745
6.000000052558561,-0.12174971440623317
6.00000005093604,-0.0406275403550725
6.000000050343898,-0.03731286685213859
6.00000004827852,-0.010865629811250742
6.000000046558749,-0.0009890750092276755
6.000000053918562,0.012819170157630656
6.000000037537267,0.024078461963169494
6.0000000354317855,0.024838422805045956
6.000000026144474,0.05987982161046731
6.000000010359738,0.06380723930665334
5.999999932838632,0.06692269488563446
5.999999615069359,0.06694076962368653
4.783764755196333,0.07981040373446231
4.724129253043906,0.07968174046812206
3.21505144213093,0.07521407702521106
3.1582384302238466,0.07500845373162221
2.1643471502550518,0.07107261662614052
1.0474037900799984,0.06987878908015327
0.9452112197481213,0.0693503546421269
-0.3172933788932537,0.06220661257959132
-0.3524187637726741,0.06196621559772083
-0.06922490356362725,0.05726687761198574
-0.2450247397990322,0.054369180127438035
1.419628352819449,0.04487989438784973
1.4181321333866204,0.04421444900251812
2.5055910152405088,0.034306565185788396
2.4977361988182456,0.03357661735900377
2.1253813643342334,0.019352037987738654
2.0950537189017275,0.01907928863067432
1.3379043778774526,0.014896860056078346
1.1108467055786428,0.007160111851811542
0.46432962347848244,0.005108463411201494
-0.12107616141029419,0.003999105539096545
0.028352523656980454,-0.004833818970840756
-0.30351785273900905,-0.005651757267214618
-0.30853478787190525,-0.00567217337710775
1.350045331019426,-0.015588649734891871
1.3495051204630755,-0.015648027083078015
3.1689420404853514,-0.018314173260800863
3.1656963525157384,-0.018384111664895522
3.0960328915069235,-0.02632851856932803
3.063573899570713,-0.02632601573584834
1.9072042375737448,-0.025278430407099484
1.8611611934398304,-0.02521249493037345
1.0978264522106347,-0.02970002403022384
1.0559808930758672,-0.02960425310269553
0.17449873778113764,-0.027042046044985835
0.1439581052407473,-0.02694183855361515
0.14243500968970826,-0.031768690538084454
0.12790449728230077,-0.03167591849490528
0.05338259171535257,-0.030075448107436526
0.39980678779029993,-0.03695797115836286
0.35869207070750014,-0.03547587471202156
0.33872434246700817,-0.03470860607783174
0.5679944396810965,-0.03972139411281669
0.5612112602304722,-0.03963445585321074
0.4430079918259708,-0.03802126352374236
0.8410044922991698,-0.04575405750302106
0.6738652997749275,-0.044400320331336854
0.5140818109985038,-0.043040758413873864
0.7423767283734853,-0.05024774336800047
0.5372251766655018,-0.04913295343898822
0.34391981483794887,-0.04788582641725091
0.530009801540302,-0.05531229787223971
0.3062156730404483,-0.05393944379664737
0.3855848262364154,-0.0584198043271585
0.37841033180963646,-0.05833918067158246
0.4408129479091986,-0.06492222656365959
0.4337399216780187,-0.06482970580529451
0.3097586799846039,-0.06311987169990893
0.2568694944165687,-0.06231155400216168
0.41049464295317584,-0.06843741559700588
0.2112761656376406,-0.06480283491896782
0.20690858016651878,-0.06467912456244561
0.33270734539192465,-0.06964721096323934
0.31990751092592074,-0.06936808286065081
0.6059267742943736,-0.0726650889788118
0.5946457508362512,-0.07237034839500002
0.4369241683572357,-0.06857687770245673
0.4280375180071386,-0.06842815271261021
0.4631926687032715,-0.06903724481615287
0.4541245026987229,-0.06889291501859122
0.45471193999020754,-0.07112440416342362
0.4460960550093959,-0.07097436801232739
0.23873150418401615,-0.06740297288070772
0.22229469049937353,-0.06713102973491622
0.4218584648126186,-0.06746589946729191
0.3165412707080321,-0.06561019962726859
0.256068608794726,-0.06371802167089334
0.5819831434017949,-0.06905615414402684
0.4666394349096318,-0.06669167004795801
0.3772408613264069,-0.06450138246440507
0.4859714265029354,-0.0626881956632706
0.4770399281230796,-0.06258173473953318
0.5314469556386245,-0.06435973963038838
0.5224128537142294,-0.06423269214093681
0.2525798314457437,-0.060737205996621774
0.24273254880443468,-0.06063715426751041
0.021426465513733957,-0.05831487635484669
0.015521637161499137,-0.058241543165313346
-0.059921928407977026,-0.05699688323844616
0.35083171294630094,-0.060367986919132324
0.3506969625614957,-0.06026828491151562
0.9578995937621855,-0.05828046469361982
0.9577576187433743,-0.056685509811099155
0.6007880474642135,-0.05283599400356975
0.582748239899907,-0.052740301008758976
0.15584111545252757,-0.05960662962037486
0.14210680126669867,-0.05954877800059072
-0.20552888965607846,-0.06709114294431466
-0.2136674733110801,-0.06706743745513015
-0.2627060281804526,-0.06678076870194355
-0.27920969636746046,-0.06662928674219745
-1.8886513906058355,-0.07244821031797812
-1.8886513906058355,-0.07244821031797812
-1.4058248907882334,-0.06585598549319498
-1.2845352774986287,-0.0657634255198694
1.0453286769139822,-0.0839053810859933
1.0453286769139822,-0.0839053810859933
4.446361312794262,-0.06603918188925721
4.568172224473968,-0.06516875948333688
-0.8871193485439944,-0.05740457759673861
-0.9169031061539625,-0.05666345326214486
-1.9449380141223829,-0.044028498803256794
-2.0342702236086447,-0.04343320666274989
-2.323355853551155,-0.0786358121475959
-2.3234510031188207,-0.07863008326067421
-0.13708120505061375,-0.07936173859651222
0.8347127217557198,-0.07778630970794412
4.377305679891059,-0.07725872193365338
4.498769050423321,-0.0765060552884206
5.999999959749641,-0.0496926467628655
5.999999950908746,-0.04737320057486991
5.999999240569496,-0.057996862429767475
5.987384578544884,-0.057489561058246555
4.935530921320395,-0.051952834999154464
3.3783879898549145,-0.05294467993105537
3.2706622348406147,-0.05327012278473025
1.8605869603135274,-0.06030008076997991
1.8101156498235385,-0.060546957471039865
0.9207777343804548,-0.06510167056199076
0.8918001098461504,-0.08321464698355922
0.8607439278401452,-0.08340396941107704
0.045609403947312145,-0.0886280133086673
0.02986288156145175,-0.08873787358914126
-0.24672675605120561,-0.08998477588288226
0.8686929583537345,-0.08950505224981764
0.9900933672727872,-0.08950712847260113
2.2797835990205804,-0.08415608327461417
2.2636809837065264,-0.08380775458782994
1.7119430070459865,-0.07442582084461018
1.6886113218480734,-0.07410550430533687
1.1768089785946707,-0.06596829330177666
1.137497002686705,-0.06570846904087575
0.5114720280972845,-0.06003074854458086
0.4842845377395351,-0.05984104498868733
0.10750194140790488,-0.05679552209332724
0.27232593266028604,-0.05579600119726158
0.25568133588335046,-0.0555187890795108
0.08576672058565205,-0.05215645361114091
0.08080733066304124,-0.05203533101543404
0.3454019827650921,-0.05010217168776833
0.3439738471140403,-0.0499787011364949
0.3085225655177915,-0.04686330434037179
0.30411243667775323,-0.04674586149732069
0.5447915370490445,-0.042688982606691656
0.5327437573363937,-0.04245176077790201
0.43345493483157543,-0.04048562441915735
0.7672510773759585,-0.037705043571492805
0.7572248956046548,-0.03760942972662212
1.0179264406398059,-0.030438656205428006
1.002632263162281,-0.03024156761385271
0.7719567471893222,-0.02872154911396664
0.6466208182729307,-0.028089335050575908
0.4033361450538978,-0.027367557766458425
0.31356380591398203,-0.024731207207701996
0.032094197594110495,-0.024280349267508355
0.02529077903150343,-0.02427561716453404
0.3156852115013088,-0.015814309198862852
0.3120201573286465,-0.015778060658083203
0.783382476467734,-0.013446780643007248
0.7800838278037686,-0.01340908796518132
0.6360027743698443,-0.012714744314421126
0.6270695071823748,-0.01269637592295043
0.6791655564630475,-0.003167107085265314
0.6664857049848604,-0.0031361428475704654
0.47330321019486304,-0.002335293366323184
0.46076024948541355,-0.0023178742539192005
0.1801788214000991,-0.0021384600885629005
0.8859814917959468,0.0038310747686138916
0.7315967795903506,0.0040117902332660535
0.728413065862236,0.004010513921164784
0.546186162964114,0.0038319721358905743
0.5171409272186553,0.0037948887122023337
0.2188694848109452,0.003139231300259716
0.1940394318420074,0.0030608023983161596
0.5716705637689551,0.004016244366783626
0.5643000980196576,0.00397378296324662
0.47971006848078074,0.0029455874336004654
0.4750222585533487,0.002904099865002231
0.6633289905205456,0.0019504802648965098
0.6544416240997012,0.0019065672776643543
0.41453039980309253,0.0007170235966887404
0.4046818323557199,0.0006772614978566837
0.44802852532560894,0.0004876832881575142
0.4379504225319185,0.00045531554765402155
0.61926855332968,0.0006747953896585943
0.6110311225899557,0.000648711446353432
0.4265632916052266,9.3580692512654e-05
0.4062399361315452,4.8867503142058634e-05
0.48934806004878284,0.0006032316864665804
0.4799084851620421,0.0005862681799994521
0.27658146702743025,0.00023032045199736166
0.2674023416831343,0.00021744262359031698
0.4076349355527589,0.0015550597538088304
0.3491725749046147,0.0014981254385103328
0.2072840072821826,0.0013506961778101494
0.19214847844314284,0.001340657333727382
0.39321727146497687,0.0028897408649438397
0.38859369980619746,0.002888968612373032
0.26569893068767625,0.0028833940330461943
0.25081360142765685,0.0028838712098253763
0.29049746461608544,0.0037568995945504564
0.28029500005902336,0.0037620486355767545
0.14285445989193185,0.0038435802185188286
0.45177773288115264,0.004281425804541122
0.3600150063908933,0.004272518589873515
0.31056300094187406,0.004243304213177623
0.4104878993307402,0.0038823246985990765
0.4039319531344858,0.003873856146472632
0.2621389591880822,0.003648228558858287
0.25521387003710627,0.0036379180244193944
0.3201536977406651,0.0027847924701291465
0.30972601696599544,0.0027567401727804225
0.22700344927770655,0.002497671414098955
0.43841862070070325,0.001486829119145038
0.42662096676381916,0.0014538884048405753
0.33237234408737487,0.0011985257061556545
0.30261897649671843,0.0011168808651347893
0.36384582316189173,-5.977282103672067e-05
0.35618093353205754,-6.983230579795542e-05
0.22652595694826186,-0.00026879686133052797
0.2128779511392085,-0.0002835373779361612
0.31193255554102123,-0.0014536725338746696
0.3071640355149095,-0.0014596874134883441
0.24046913173086665,-0.0015317104996442341
0.44568269773818336,-0.0023883275123259074
0.4341989373903804,-0.002388764271575588
0.3119521070615902,-0.0023430060485786
0.2987291072617958,-0.002335651765922049
0.38385486595712065,-0.002462196223276726
0.3776274548358686,-0.0024565246478164275
0.2793057760558845,-0.002344692032146071
0.4838085944499024,-0.00231100137394804
0.3983332370732062,-0.002221268036297809
0.4235945483005925,-0.0018851865241870283
0.41466515080580246,-0.0018764879154624554
0.22405339277095912,-0.0016667671020604994
0.21614068758847982,-0.001657977247357406
0.3162265690880199,-0.0020253120298098434
0.2792590833144201,-0.0019862986311692207
0.27347064470167853,-0.001978490485181268
0.1812874806779892,-0.0017973261603952565
0.264360814971093,-0.0020340062207970014
0.25948524502094605,-0.002027629417569529
0.1832584193287507,-0.0018739465105942052
0.17859286730211585,-0.0018674405020589816
0.2729599504099681,-0.0026072684830101603
0.20186771534118023,-0.002509908676458177
0.19869806379951208,-0.0025048552817159356
0.3439149048902424,-0.0029859164106705418
0.3351071620186824,-0.0029796829282871928
0.24352778804630215,-0.0029140015679633862
0.23695854639273117,-0.002911618496414074
0.31669362837224696,-0.003046098772640253
0.2755890179018079,-0.0030230402009991148
0.1645052165404957,-0.0029513808148798836
0.1588315180889683,-0.0029488447284113225
0.07279435426275686,-0.0028795787365395718
0.06948035064146156,-0.0028781307191625277
0.30924153567436774,-0.0019690048742484925
0.30796503067196734,-0.0019634912101112565
0.28004821896427196,-0.0018344196966418294
0.27302537079325295,-0.0018230191413487816
0.13883973044463177,-0.0016964520785533682
0.13363462703446571,-0.0016911644907176815
0.019756129916430942,-0.001576403487379189
0.016525763787037826,-0.0015716224470776778
0.33954378313318617,-5.4834165216468176e-05
0.3392326363151686,-4.433783646129243e-05
0.33294359314102817,0.00020467018255691666
0.3311288418247344,0.0002160142399375911
0.3588937749340021,0.0005079499996247756
0.32698661500286486,0.0005500052566122564
0.1810589498554632,0.0006814903251080784
0.17441985033966645,0.0006846415760248764
0.2183741547439142,0.0003732447881071817
0.1663860673347987,0.0003670788141032893
0.1348027983756039,0.0003503814095937695
0.18531893784514383,-0.00031093904512740776
0.1822880993054628,-0.0003160567422710778
0.11813503306024124,-0.0004542536487722024
0.11120232561211596,-0.00046713874618625734
0.20295133337663396,-0.001554329498670341
0.20081559740993135,-0.0015637317069362527
0.3165430206439199,-0.002572945352990284
0.31268606482858674,-0.0025849185511147813
0.22259410015395842,-0.002834609020689138
0.21739206992264942,-0.0028426248191303176
0.21788051290197108,-0.0033636606967628706
0.20816315309541614,-0.0033717188559835606
0.11082985362126331,-0.0034333065094315457
0.10678385403297658,-0.0034346888363904525
0.14519680441455798,-0.003255353098127721
0.14111100389547962,-0.0032530013411171104
0.09768584812362681,-0.003211584251910174
0.09587784456331508,-0.0032092329269815525
0.1994072036813272,-0.0033170158724511083
0.1976392343272161,-0.0033126905441938
0.1515438078630748,-0.003189891390197273
0.1477189530258496,-0.0031847508443294792
0.14424870151301736,-0.0028897111426755325
0.13789324737695655,-0.002878648392003299
0.06859874825663982,-0.0027387293745059498
0.09589982068888354,-0.00443927197308547
0.04941856722710229,-0.0043803583302160975
0.029376648533961235,-0.00435411199200363
-0.01087933834571496,-0.004394595042144819
-0.012552412843987441,-0.004391603822784504
-0.025546076037654665,-0.004372499152881202
-0.02960424861356768,-0.004368500141594046
-0.9843581881217648,-0.009918350066454173
-0.9843618664300755,-0.009928992354160468
-0.8582084227355418,-0.010357947310118649
-0.7290678685368885,-0.010393780899309677
1.5995023730859004,-0.010893607322272935
-2.7457107373872827,-0.025767439427958477
-2.617530412642686,-0.025806706922690794
-2.0310909258367533,-0.025500103972288166
-2.072767849033976,-0.025459355333020187
-1.2847040788724815,-0.025594796965727515
-3.316216159503646,-0.04086607481911794
-3.1883973732637623,-0.04087638628168857
-0.886615344525331,-0.04048986006105366
-4.363483565002611,-0.07250299018493768
-2.5931883668968143,-0.07324913178832518
1.0746150908032637,-0.07131977482043028
1.2009569554928596,-0.07116228820245621
0.06018771938443915,-0.1262333509043652
0.18608130048123528,-0.12608459540448344
2.462480510403969,-0.12144424764840854
2.278515006605744,-0.10599095013450113
2.266384840559172,-0.10491331732279253
-2.0264433277387117,-0.1944642507536355
-2.2656317918292763,-0.19095635803315894
-3.288188894561637,-0.18327037552165765
-3.30612029377508,-0.18317441646405772
-5.475626358868973,-0.3377964492971415
-5.354133470658466,-0.3385557327347679
-3.168969811265253,-0.34855411973658545
-2.197286976679474,-0.3510347239946081
-0.4964723946899992,-0.3526077937939584
3.026159180936125,-0.33890345478485767
3.147999797994664,-0.3378474296066357
5.999999010075894,-0.41890000367961167
5.999998906950326,-0.4189000031811762
5.660965042121915,-0.39519889229137983
5.566280642492009,-0.3905942976682207
4.4655425260302835,-0.35316461783486247
3.523475872419024,-0.41686690979307695
3.4545684276155657,-0.4154487453173106
2.2162849837824194,-0.3916728454001307
0.5423659038759051,-0.3634513527282132
0.47938811965628114,-0.3624490639559877
0.23319613773908002,-0.4101578545161516
-0.2054390180908013,-0.4019523216325832
0.9924243486499531,-0.4189000090470818
0.9887562590783542,-0.41890000904000685
2.5324622373352756,-0.41890000888304124
2.653578159379354,-0.41890000887644097
1.1714707660409154,-0.41890000896354923
1.1226493402068474,-0.41890000893247015
0.07095113535325294,-0.4189000082653804
-0.021945775283974723,-0.4189000081672262
-0.5569776592721306,-0.4189000083548161
-0.593229849901193,-0.41890000826663526
2.160823127477124,-0.41890000866352284
2.2823147977944602,-0.41890000865161736
5.316684645458888,-0.4189000087822536
5.313396318747557,-0.4189000086901675
4.989744700126565,-0.4078047339194986
4.915404551577127,-0.3933221285979297
3.5710837418700407,-0.344264880085233
1.7823607458334578,-0.30041741986166
2.472553008371495,-0.31672608899418636
0.5904791212624352,-0.2793974883663288
0.47128750006907705,-0.27719063458507853
0.10613558728156815,-0.25763846203164065
0.0678463742964146,-0.2566889888590888
0.4244374241411879,-0.23969998094022282
0.4184806127382154,-0.23791216949751345
0.4001946299372701,-0.21295846190285783
0.396762973186685,-0.21193509622763565
1.0566440429439947,-0.19490669845571282
0.9061204970177772,-0.173113646521831
0.8989487253985693,-0.1720425554304939
1.6505402645377634,-0.15359787629874755
1.529123973932348,-0.1461176311853151
1.093938935436722,-0.1218306957340335
1.07467529879451,-0.12098586510754102
1.2479624959379543,-0.10200321503124114
1.1976230486596422,-0.10066556360005383
0.8207806918076997,-0.08987448166928316
0.6565387110870389,-0.08622427139223425
0.805223717834977,-0.07524732746950526
0.7872822337310447,-0.07489920517175824
1.1644276609651296,-0.06906961062737002
1.074976609865361,-0.06656453469286285
0.6983034932073262,-0.0594414796102278
0.6656860175787109,-0.0589661304399343
0.9013957099866203,-0.055609567300767694
0.7290316020022206,-0.05385770581201309
1.1154558943302284,-0.050032382083838756
1.1026714309622865,-0.049874784447993814
0.7235883255964493,-0.04620970546943542
0.7076482790965484,-0.0460832415431949
0.8066060472651999,-0.04347749668062419
0.7718948423539533,-0.04327399708375503
0.5410204331344997,-0.04165038642708402
0.45419131616396574,-0.04107344480652273
0.8376611254153924,-0.0384548303426487
0.8271247600658409,-0.0383754324593949
1.1022671554700445,-0.035094934320374194
1.0914787622962572,-0.03499746222540147
0.8318756420972709,-0.033366745723611875
0.7260694006411698,-0.03274876812245267
1.2529898635321193,-0.03053201468975215
0.8168899772163558,-0.028431171199110497
0.7892238133830323,-0.028283684028064665
1.0956088540795257,-0.025255670244983486
1.0956088540795257,-0.025255670244983486
0.6964377565063052,-0.023580559613038565
0.6795262115851038,-0.02352437892487617
0.9165935814970687,-0.020503873823926027
0.5914003744313636,-0.01944993935479468
0.567068331476389,-0.01935653218962258
0.9085344712686907,-0.01573340253656156
0.8951511834866437,-0.015684717249843126
1.2216305935473566,-0.011117413186770253
1.2003485329301669,-0.011004821722683833
0.8083319290382004,-0.00977585899125792
0.7905249563128519,-0.009731423105288508
0.6865034276980132,-0.006141920311916429
0.6480152949552702,-0.0060797079033040905
0.33336693804629,-0.005562896037641315
0.3069449443804552,-0.005527004324703434
0.7894466219224251,-0.0017107743385931982
0.7812074813568094,-0.0016953621207416013
0.6586876409550142,-0.0014526313595713259
0.6437120497178972,-0.0014408720596347049
0.8479254287263932,0.0015682692974887027
0.8351456655301825,0.001568698885979372
1.0710617406932768,0.00411639994503131
1.0566671133157506,0.004115599449049013
0.7149444698434191,0.00398871712836784
0.6832907549830699,0.003966672883859234
0.8035066133107122,0.00538150601773119
0.7861398197243894,0.0053617933452665386
0.5572308212744321,0.0049605906153437065
0.8338647251534508,0.005157264582108003
0.819465091760563,0.005130098511601122
0.46328359213442005,0.004453846833466715
0.4321465284840653,0.004396159741995868
0.3261221410356745,0.004923214972324975
0.313189667568419,0.004897240206364596
0.47037644335967,0.00510614817959847
0.45710006907841205,0.0050594832190013934
0.32040673271252224,0.004523148184006137
0.3133863104683074,0.004501644462156215
0.6366273365063491,0.005146508624449694
0.6307541171374101,0.005128789175862627
0.4948462257165781,0.004727462286958354
0.4792218212318886,0.004695867386559098
0.7453546403409036,0.006083556780743579
0.5847181033134635,0.005902064754732105
0.5760527285299861,0.005893071607558107
0.8593393057723859,0.007687785400126857
0.7763582958618692,0.0076608609505327205
0.7642174384898692,0.0076573045097024835
0.6599877907690245,0.00908202493541016
0.5252457789684053,0.01066256796657415
0.5116877332810981,0.01066156055571582
0.2005603425880635,0.010625302501400707
0.18104784521346676,0.010622414643383324
0.38463364096170716,0.012402948108042868
0.3716218598956091,0.012390065244067255
0.2881589018653865,0.01216854690068943
0.27702566190107947,0.012144722716546838
0.5134084422914239,0.013461711109484324
0.5083255924184206,0.013448141809193556
0.791786876018817,0.01464836417001371
0.7854137889289778,0.014633619168202331
0.9485832977173324,0.015944912749585795
0.9254810590315454,0.015905474116140413
0.5611443288262048,0.015391575760680778
0.5438955478889633,0.01537065718072258
0.3911201373986309,0.01601583147035719
0.3628823041277116,0.01596909472928464
0.12179929486481465,0.01541625113579236
0.11468966154007171,0.01539612117410547
0.2764940659887168,0.016843381416207507
0.20258421675576765,0.0163735645013068
0.20074901026616718,0.016350912737429127
0.44738030756286323,0.017624410718539416
0.44361319193453047,0.017602854145932108
0.3769299666612605,0.017205450805298096
0.4944927647792888,0.01823452645315292
0.4861171752196663,0.01820885571468172
0.2843654964517578,0.017623246639624158
0.26720564126322177,0.017580947402907634
0.20622612470589968,0.01847219308224788
0.19918536274893686,0.018453449453145893
0.34086763364492506,0.01989672845147148
0.3370942314713712,0.019879532610981018
0.24351580744978862,0.019481879232174915
0.23865810602704457,0.019468611576986025
0.2486334752867947,0.020356769058217098
0.14445729885680983,0.019957327341389053
0.14023835462959,0.019938670759265788
0.06401450987774923,0.019608829528671122
0.18448675981415957,0.020299090456803174
0.11986696171472146,0.019737264449262496
0.1188351343546872,0.019717367901354737
0.38217852562339044,0.02140029546790644
0.3765697114642236,0.02135061379977873
0.6430534973784533,0.021792388869839106
0.5336370373164782,0.021303559545608818
0.5265613836479962,0.021283127011921088
0.5886587941037777,0.022008219768178464
0.5783600206208291,0.021984046285098986
0.5659116483377211,0.0219246342278061
0.5549071289762157,0.02190947263249368
0.5549071289762157,0.02190947263249368
0.34102824305676915,0.021388846296785866
0.320950697083694,0.021350178843063183
0.07711980231807707,0.02094471097804574
0.06288907890245485,0.0209202454868338
0.0015512502062915037,0.02081453081110486
-0.04244183300672923,0.02074530222476962
0.26199288890107625,0.01893936937375295
0.3831666509663609,0.018954481307715074
0.7441528245176207,0.018025209107483935
0.7424414149335349,0.01798217481302805
0.555408206342393,0.017002582163408657
0.5459351031650307,0.016975485699065426
0.20482998834703126,0.016552616581794324
0.18268101394287342,0.016543122450129257
-0.24885257104139452,0.010926105488095854
-0.25984460353646893,0.010887018252583416
-0.3178478006086004,0.010571282186263778
-1.940220571061882,0.0004792718815974751
-1.8187861563320498,0.00037602405013471537
-0.6073593746496877,-0.0027404209708962886
-0.3643167770557185,-0.003001613932309225
1.8024122670541747,-0.008716097081431284
2.045541747852969,-0.009166350343531667
2.2738640642385364,-0.012558742200406132
2.438636615400087,-0.034294552449031596
2.4145974575916047,-0.0344133564446604
1.5972493787196824,-0.03629401772843617
1.5673608357642617,-0.03631956373757566
0.7837171815557155,-0.0357001214200818
0.7555800011905874,-0.0356380960347318
0.2589212791354046,-0.034175624593154645
0.46999146285948307,-0.047204360821796854
0.023912627441948088,-0.04426216343173465
0.014740197360496834,-0.04416334361459267
-0.24245476130119026,-0.047436446473027354
-0.24245476130119026,-0.047436446473027354
0.10710351610021593,-0.04418473076775455
0.603659185268394,-0.050882208902136704
2.423625574361527,-0.047516739946763115
2.4219039584614346,-0.04732643090910802
-0.2881345489318061,-0.048163056552883686
-0.4552137884022938,-0.04633211866203208
-0.8391247413090094,-0.05719289502275725
-1.2315021896329121,-0.05561933092295279
-4.515957230154364,-0.06162821812436914
-4.273233199199095,-0.06164943496674067
-2.086573768639979,-0.06027081111675971
-0.4042299873272998,-0.08010385423227229
-0.2827666097601724,-0.07980140471902133
2.754281214486334,-0.06844853816885228
2.99694731836688,-0.0672130825416241
4.864764881517119,-0.05558332339614364
4.8568963260648355,-0.05479098129868499
3.918016525852613,-0.036873856029663754
3.868449133502691,-0.03650095169062675
3.089760063826622,-0.049358208267327425
3.043108343711874,-0.049284880913753416
1.7757740637059238,-0.05024436906199038
1.739149040852543,-0.05140918419616648
0.9672094145699135,-0.05436031044973841
0.5509815979979693,-0.05628265424802663
0.020275232018751838,-0.06450455380489935
-0.006337536680644432,-0.0646609531801173
-0.3540812297440183,-0.06851605344565943
-0.3590529348377397,-0.06864366414109457
0.11950340490733988,-0.07111145913473839
0.3625460053859079,-0.07152211507063035
3.801199404698399,-0.05780676613728962
3.7960367369016343,-0.05709948182181559
3.52371401961958,-0.048309512706939596
3.491349947844477,-0.047673024346663616
2.926995001783543,-0.04232032016335744
2.8538029802037883,-0.035812718274952526
2.3440322286605277,-0.033183963202814803
1.765752023546542,-0.030939495950608225
1.5674595654861745,-0.029173369965180322
0.8687585070296535,-0.027974180440587963
-0.018681018403224506,-0.02531929946899721
-0.04715849426380154,-0.025306531745167515
-0.5938559808493663,-0.02534961654337118
-0.6166999340404594,-0.02537536721635397
1.7410796720809207,-0.02670380298160944
1.9840735177795084,-0.0266212970436222
3.674064610783513,-0.0245447309072278
1.0739473736872513,-0.013145294141141623
1.032809252150758,-0.012982195066198389
0.292933140208157,-0.010800840008759107
-0.5566650266073869,-0.009298873414211319
-0.5748940157015754,-0.009268531354532462
-0.9154204900133325,-0.009093864793592362
-0.9174473366474234,-0.009104910011186117
1.1352567879926718,-0.009128709121834675
-4.928693884204757,0.034327558642601244
-4.802196498740892,0.034697798384683134
-3.0089548017144905,0.04430051447109663
-3.0456153486787687,0.044834228669054156
-6.691829358319741,0.09952890076913117
-4.141286680497864,0.11392297537003103
-3.898374817742377,0.11532137034411402
-1.7119918018801086,0.1280914660876187
-5.175270484684031,0.22125003314037864
-1.7745851593771718,0.2532206948425021
-1.5315272853216901,0.2553306088928195
0.654782150098123,0.27343895974999605
1.7480127259588394,0.28182035381516807
4.084739687356322,0.4188999786489264
4.206198538874375,0.41889994793265806
4.538387464582828,0.3959762045991612
4.502899167314714,0.39427524573924266
3.0044077645133784,0.34312386377807524
2.9356317314760005,0.3411500789008005
1.6973518482919134,0.306200639791231
0.16832668174347115,0.3505622959887476
0.05597185947678339,0.34718225593481433
-0.8308592071937948,0.31843139050127944
-1.2602955410399437,0.37604609077679696
-1.2633603171981722,0.37506575192307035
0.3136249935781287,0.37182305679149114
1.4068264633659555,0.36983941353957156
4.179658775873387,0.33731830220175546
4.1707405279344,0.3343351527087084
4.450376906627068,0.36637426260323314
4.176226503182104,0.3441083606551241
3.5782981628626276,0.3128470063814092
3.083305375239412,0.37531072445906266
2.1889689139517787,0.3503724326653474
1.8373596532746734,0.3641709188144776
0.9941859871689627,0.3446462471553861
0.47778772750012605,0.3766859459513553
0.44282913475369556,0.37558517267215896
0.5832418809018574,0.35556137193895787
0.57535020156873,0.3545458524571965
0.43980229707386237,0.33414958415445356
1.2064471837518194,0.3446938480075044
1.1958251806665492,0.34323688058104906
1.1979841265619053,0.31771059534481955
0.9130503188370648,0.2869045065975107
0.8678777245850493,0.28373255957847404
1.8874732868552375,0.2707635883319194
1.867357476405432,0.2692129713088986
1.4551443700814382,0.23115657948956805
1.4371087451502933,0.22973734986679759
0.6545451298385297,0.19496679806686282
0.6235300669737506,0.19370796990340491
0.1481087034046074,0.17259937791560997
-0.02758095956191981,0.1650597673297845
1.569258075423567,0.14580846510990994
1.5667606200765827,0.14390362325734743
2.1691588387768266,0.12153833125601378
2.1639528151892224,0.11954593132493913
2.477524952646202,0.09197095266624149
2.44496879041285,0.09110700437864329
2.1369208931778223,0.06443075369407104
2.094590704736543,0.06383242399718866
1.0639177036554368,0.05274813248754775
0.9784074942353225,0.05202190563776893
0.810520477466158,0.033964080013337235
0.7770148517257093,0.03374384425361705
1.0956889439868767,0.01509242179448269
0.8084334717312183,0.011532219898795406
0.7807397692117243,0.011195192029008913
0.3060006116232939,-0.009471294159667751
0.28938147634830524,-0.009575611630093862
0.03750263621905124,-0.011018009438465889
-0.07102190013368927,-0.011430700354832932
-0.3057017273566889,-0.03716989171049191
-0.38676774447623624,-0.03883765337479659
-0.2653378046633737,-0.0390006070526467
-1.3295836754464658,-0.07784374766953103
-0.11468801996748855,-0.08204242653302674
0.8554481547861569,-0.0860055133875239
0.01219873783174184,-0.14482982607244232
0.13377162978344442,-0.14546064223764402
1.0248477833039258,-0.14966215760664853
0.863530716465873,-0.14839470038661157
-1.751947774610616,-0.20834377593776035
-1.7710754991990119,-0.20811237137838207
-2.0955807716248316,-0.20303964096002897
-3.904012934144724,-0.26848269677815034
-3.782355028985526,-0.269196276954478
-0.5030792886619186,-0.2798181546203516
-0.3815071872378516,-0.27990123818665186
1.9320441382713534,-0.3612566313857356
2.1750158302182023,-0.36095141831265454
3.4653098050867475,-0.3221192699503688
3.460641529685766,-0.32021212862023046
2.739381421184034,-0.3588427439054632
2.6922398378210635,-0.357013848495613
1.6266402819695949,-0.3239792782071976
1.1181968965723974,-0.3107264469090561
-0.2486767356327076,-0.36065313803301713
-0.29360353436664216,-0.3594239899370271
-1.0011229371478902,-0.3303763204347251
-1.0343129133281237,-0.32830162612962305
1.3514426749991495,-0.40621990647656026
1.5940224492455233,-0.40606654762919103
5.147709413260099,-0.4189000059664142
5.3901884125795405,-0.4189000084873405
5.112443863940697,-0.4189000069797148
5.07214468917928,-0.41890000690825546
3.407661757847776,-0.4189000067901567
3.2701043368690206,-0.4189000063219533
1.3669800580311677,-0.41890000621634643
1.2984967010592954,-0.4189000061130369
-0.3926805755288775,-0.41890000792577053
-0.44775272421950435,-0.4189000078973024
-1.2823442490105632,-0.41890000872143157
-1.3204507237355667,-0.4189000087005961
-0.5651680390855911,-0.4189000085609149
2.271711003786372,-0.41890000887841794
2.392999973044046,-0.4189000088719675
4.943739291129995,-0.4189000096711591
4.941797095542197,-0.4189000090170636
4.642096897656643,-0.4189000088603595
3.613593093876381,-0.41890000851626563
3.550123474206232,-0.418900008497065
2.057089512615945,-0.41890000868805627
1.9882777436481471,-0.4189000086743192
0.988117178504322,-0.41890000878313693
0.9275343858005843,-0.4189000087711803
-0.14542196932592996,-0.41890000838889385
-0.17528620183970658,-0.41890000836948627
0.22116883847930596,-0.41890000851196724
0.20941554666802004,-0.41890000849071213
3.4765306133250378,-0.4189000083738403
3.4747911375531273,-0.4189000083344066
3.2722278514450114,-0.4189000063332542
3.254101585834574,-0.41889999533174604
3.6544703618960237,-0.41765861244217717
3.554802368170046,-0.4132495226453705
1.8978119258438284,-0.3564192823178552
1.8375402573255792,-0.35461252254570386
1.2105287910060032,-0.3126523334322896
1.1510765740842548,-0.31116768173977927
0.9637270182542691,-0.2712550509342595
0.9367258906735697,-0.2699211125128689
0.42405590171929003,-0.23707760924909768
0.40628019525590153,-0.23578012958048478
0.24861843887262025,-0.20464377775194204
0.24106024826305472,-0.20344905139177788
0.06267376343374818,-0.1749719710008401
0.058186125028903746,-0.17389479809885638
1.576525494370696,-0.13659043055150447
1.5755322495518818,-0.13549327357763516
1.5532790510361738,-0.11019880508243222
1.5508391431675819,-0.10919878016738425
1.2421756138627424,-0.09179817727725086
1.061592286172013,-0.08673318630234995
0.683320920816892,-0.07743562703009539
1.6197793715655282,-0.05369917601380435
0.9776943573624314,-0.039961713535508855
0.9434177704500587,-0.039113572653129036
1.9411584118990597,-0.018459301682991966
1.904379265650672,-0.017703819680995363
1.3786950830106888,-0.011010724840574361
1.3417483591373025,-0.010804281911956289
0.4865782278222955,-0.0082658381472488
0.45379326880763093,-0.00823964059961351
1.4244258760827628,-0.005423239852142632
1.4027402892736074,-0.005449470430494338
1.1691453656844728,-0.006493281356896011
1.1604320576309617,-0.006546333459530061
0.64691017712597,-0.008035196528966945
1.3920201006935597,-0.006204557169873414
1.008581412051405,-0.007537135346177474
0.9050886357109519,-0.007912631354920568
1.3957108557223625,-0.008241504676923833
1.3722240094262923,-0.00835737300209244
0.9773792751977028,-0.00957024313952887
0.9401373557131583,-0.009666922051177463
0.979621173466795,-0.009329934296037519
0.9564300058775912,-0.009364677373456688
0.5580864789069934,-0.010053382760843681
0.5239695132922803,-0.010097721014414982
1.0954851047704353,-0.009905359093838885
1.0781547775634945,-0.009879729362495721
0.8840015815294726,-0.009502855219450053
0.8660060734639765,-0.009463671351872103
1.0444439539166408,-0.015404352320110266
1.0148144182293102,-0.015388756611503185
0.6693352398914989,-0.015275131440870953
0.6367232885357959,-0.015269917624534859
0.6542253138073174,-0.021740847275748435
0.6542253138073174,-0.021740847275748435
0.3963317564296729,-0.021490092265653214
0.37201488693189366,-0.021464445784451017
-2.4455964739060945,-0.033674426406155714
-2.457833337471689,-0.03364100386814196
-2.606654021726686,-0.033214907638407586
-2.610871108853944,-0.03319970664480687
2.412013096120677,-0.028577325163641018
2.6550556917376205,-0.02808664708645206
5.570378932495464,-0.020352843784777083
5.813450845650156,-0.01954297789857451
0.1696559556446942,-0.026056654185762532
0.051511675581577626,-0.02609562326903111
-1.3832047098840643,-0.02699040087487113
-1.437506665220579,-0.027036989480859943
-1.9415564181551381,-0.04631293691913755
-1.5063492213703396,-0.04857085447365136
-1.3851754504632356,-0.04877070188730235
0.8013392206113386,-0.05157800039692372
2.2969638117379185,-0.07554402639711025
5.333663967598553,-0.0778420774373134
5.455069354275442,-0.07784508307710149
5.849886402602825,-0.0704732933119806
5.817222689244821,-0.07012609130556648
4.860361817684388,-0.07759526512269148
4.794022750896251,-0.07726998370457223
3.1801589363586835,-0.07037232745844609
3.0547620941450893,-0.06990869170712014
2.389020902658175,-0.07974508271720789
2.271053011796841,-0.07934640665723207
1.9437222254539783,-0.08598726921570919
0.9880956785637922,-0.0827857034280203
0.9472496649358286,-0.08263780862189021
0.25649669488724225,-0.07993375021283147
0.8220234507541556,-0.08668300201076155
0.3465109031181741,-0.08244908455936038
0.3341366320339675,-0.08227474099453831
0.5280153957603666,-0.08427278590005058
0.516519385985612,-0.08404859324891294
0.3676497171002977,-0.07855931500750396
0.6279883065237358,-0.08796837993046905
0.4628284596370669,-0.08363791425813166
0.38777511435530576,-0.08157415250500975
0.42700593760482086,-0.08742850868391282
0.4058215051867064,-0.08691407617358249
0.19473150568207315,-0.08031201221005417
0.18681634276495562,-0.08005657054631592
0.6722459127699333,-0.0880666359904483
0.6667279326465513,-0.0878168831814588
1.08595419210729,-0.09377479191017107
1.079749229954938,-0.09352692071573267
0.7734195652507571,-0.08726927157445855
0.7580476680417302,-0.08702297393593517
0.5759210583737969,-0.09302022921307822
0.5416467658928249,-0.09255762712075262
0.517872254284186,-0.09728212644572702
0.506382064056844,-0.097069226828932
0.2584050343881809,-0.09176703645076574
0.2392043761132785,-0.09133495187043053
0.4347622252958582,-0.09690973080181686
0.4217348542598799,-0.0964556351102375
0.3100287174710153,-0.09046535157805834
0.3029276715476556,-0.09022661171598013
0.7548821973441883,-0.09505815303307572
0.7027087574662941,-0.09331698311760352
0.6356274429903267,-0.09036164193786743
0.5664802008302059,-0.08721443559756664
0.6907576312511532,-0.08629347859721756
0.679109702269467,-0.08604896207658982
0.4120556377520208,-0.0802526954042379
0.7869258921522716,-0.08442261330219321
0.5598991372138473,-0.08026367186182724
0.3785323037962654,-0.07613724976425927
0.3785323037962654,-0.07613724976425927
0.6533730869078008,-0.07696798571071357
0.43978713400887,-0.07214151875313102
0.42683936486490476,-0.071796689116835
0.42683936486490476,-0.071796689116835
0.42683936486490476,-0.071796689116835
0.3735730941665775,-0.07092280478870205
0.3735730941665775,-0.07092280478870205
0.3735730941665775,-0.07092280478870205
0.3735730941665775,-0.07092280478870205
0.3735730941665775,-0.07092280478870205
0.3735730941665775,-0.07092280478870205
0.3735730941665775,-0.07092280478870205
0.3735730941665775,-0.07092280478870205
0.3735730941665775,-0.07092280478870205
0.3735730941665775,-0.07092280478870205
